{
    "train_loss": [
        2.129201741851106,
        2.0199917919781742,
        1.9693004872117723,
        1.9336678495212478,
        1.8979469580309731,
        1.865532625694664,
        1.8369098962569723,
        1.8167677971781517,
        1.7967247975115874,
        1.775727778673172
    ],
    "train_accuracy": [
        0.31932,
        0.43728,
        0.48934,
        0.52492,
        0.56248,
        0.59538,
        0.6237,
        0.64384,
        0.66516,
        0.6856
    ]
}