{
    "train_loss": [
        1.7079433549423606,
        1.328765721953645,
        1.1637543506768284,
        1.0277893409437062,
        0.9315638685104798,
        0.8454104616325728,
        0.7681339586875877,
        0.7094993667334927,
        0.6525666138955525,
        0.5867846180893936
    ],
    "train_accuracy": [
        0.37006,
        0.5155,
        0.58124,
        0.63286,
        0.66906,
        0.6985,
        0.72782,
        0.74884,
        0.7676,
        0.79254
    ]
}